{
    "bimanual_pick_laptop": [
        [
            0.10124249756336212,
            -0.3862820565700531,
            0.8488403558731079
        ],
        [
            0.47346237301826477,
            0.38947442173957825,
            1.4812167882919312
        ]
    ],
    "bimanual_pick_plate": [
        [
            -0.0967881828546524,
            -0.38043856620788574,
            0.7503138780593872
        ],
        [
            0.42580342292785645,
            0.13158075511455536,
            1.4812668561935425
        ]
    ],
    "bimanual_straighten_rope": [
        [
            0.045678768306970596,
            -0.607008159160614,
            0.749078631401062
        ],
        [
            0.5179056525230408,
            0.4553698003292084,
            1.4813313484191895
        ]
    ],
    "bimanual_sweep_to_dustpan": [
        [
            0.07953041791915894,
            -0.21411055326461792,
            1.0715291500091553
        ],
        [
            0.30216506123542786,
            0.23557373881340027,
            1.4738523960113525
        ]
    ],
    "coordinated_lift_ball": [
        [
            -0.058746371418237686,
            -0.018674662336707115,
            0.7652457356452942
        ],
        [
            0.45344579219818115,
            0.5803053379058838,
            1.6585443019866943
        ]
    ],
    "coordinated_lift_tray": [
        [
            0.029437677934765816,
            -0.02268231473863125,
            0.859799861907959
        ],
        [
            0.43585488200187683,
            0.43040966987609863,
            1.4817274808883667
        ]
    ],
    "coordinated_push_box": [
        [
            0.009924661368131638,
            -0.399614155292511,
            0.7586039304733276
        ],
        [
            0.36349374055862427,
            0.2057565152645111,
            1.4715921878814697
        ]
    ],
    "coordinated_put_bottle_in_fridge": [
        [
            -0.4188828468322754,
            -0.5989878177642822,
            0.7613416910171509
        ],
        [
            0.5767269134521484,
            0.637385368347168,
            1.5914053916931152
        ]
    ],
    "coordinated_put_item_in_drawer": [
        [
            0.20071232318878174,
            -0.0653022900223732,
            0.9075828790664673
        ],
        [
            0.385606974363327,
            0.3414602279663086,
            1.4819296598434448
        ]
    ],
    "coordinated_take_tray_out_of_oven": [
        [
            0.06074850261211395,
            -0.20311342179775238,
            0.975357711315155
        ],
        [
            0.5234280228614807,
            0.36834630370140076,
            1.4720854759216309
        ]
    ],
    "dual_push_buttons": [
        [
            0.06484987586736679,
            0.06807426363229752,
            0.7705393433570862
        ],
        [
            0.45341965556144714,
            0.3659076988697052,
            1.471617341041565
        ]
    ],
    "handover_item_easy": [
        [
            0.11896610260009766,
            -0.30207589268684387,
            0.7953938841819763
        ],
        [
            0.33924826979637146,
            0.21625836193561554,
            1.4819294214248657
        ]
    ],
    "handover_item": [
        [
            -0.14769630134105682,
            -0.03845062479376793,
            0.7638076543807983
        ],
        [
            0.460445761680603,
            0.6358733773231506,
            1.5270737409591675
        ]
    ]
}