{
    "close_pen": [
        [
            -0.20791879296302795,
            -0.24558331072330475,
            -0.17999525368213654
        ],
        [
            0.17227041721343994,
            0.21899673342704773,
            0.3368607461452484
        ]
    ],
    "pick_up_plate": [
        [
            -0.1594245284795761,
            -0.1772059053182602,
            -0.18425557017326355
        ],
        [
            0.115628182888031,
            0.19382014870643616,
            0.17890070378780365
        ]
    ],
    "pouring_into_bowl": [
        [
            -0.23673032224178314,
            -0.24439416825771332,
            -0.18503504991531372
        ],
        [
            0.21412432193756104,
            0.23099613189697266,
            0.22710508108139038
        ]
    ],
    "put_block_into_bowl": [
        [
            -0.23763734102249146,
            -0.2780170142650604,
            -0.19515451788902283
        ],
        [
            0.20449844002723694,
            0.3034172058105469,
            0.19797798991203308
        ]
    ],
    "stack_block": [
        [
            -0.31022244691848755,
            -0.269113689661026,
            -0.1959429681301117
        ],
        [
            0.15098917484283447,
            0.2847599387168884,
            0.2143474817276001
        ]
    ]
}