{
    "stack_bowl_single_arm": [
        [
            -0.24171333014965057,
            -0.22499968111515045,
            -0.23830421268939972
        ],
        [
            0.12847736477851868,
            0.22974228858947754,
            0.20702216029167175
        ]
    ],
    "stack_bowl_dual_arm": [
        [
            -0.1416568160057068,
            -0.19624044001102448,
            -0.26352375745773315
        ],
        [
            0.13284194469451904,
            0.15594029426574707,
            0.2496071457862854
        ]
    ]
}