{
    "close_pen": [
        [
            -0.26100531220436096,
            -0.3106839656829834,
            -0.23966117203235626
        ],
        [
            0.2926259934902191,
            0.2967414855957031,
            0.4164765179157257
        ]
    ],
    "pick_up_plate": [
        [
            -0.17295056581497192,
            -0.2986162006855011,
            -0.18159587681293488
        ],
        [
            0.1400327980518341,
            0.23201559484004974,
            0.26303550601005554
        ]
    ],
    "pouring_into_bowl": [
        [
            -0.33998239040374756,
            -0.3211970627307892,
            -0.25181376934051514
        ],
        [
            0.29390066862106323,
            0.29126888513565063,
            0.35870376229286194
        ]
    ],
    "put_block_into_bowl": [
        [
            -0.2595781981945038,
            -0.36747461557388306,
            -0.2633773684501648
        ],
        [
            0.21874992549419403,
            0.3701764643192291,
            0.3072773218154907
        ]
    ],
    "stack_block": [
        [
            -0.3232780694961548,
            -0.30513161420822144,
            -0.20961368083953857
        ],
        [
            0.2121630311012268,
            0.3226787745952606,
            0.23845241963863373
        ]
    ]
}