{
    "close_pen": [
        [
            -0.21343840658664703,
            -0.2502220869064331,
            -0.22194474935531616
        ],
        [
            0.2872832715511322,
            0.2849695682525635,
            0.3347834050655365
        ]
    ],
    "pick_up_plate": [
        [
            -0.1594858020544052,
            -0.20455650985240936,
            -0.225082665681839
        ],
        [
            0.1516479253768921,
            0.19382014870643616,
            0.1843603402376175
        ]
    ],
    "pouring_into_bowl": [
        [
            -0.31065666675567627,
            -0.3247767388820648,
            -0.266658216714859
        ],
        [
            0.2605809271335602,
            0.28651875257492065,
            0.3194616734981537
        ]
    ],
    "put_block_into_bowl": [
        [
            -0.24547415971755981,
            -0.36682307720184326,
            -0.2849528193473816
        ],
        [
            0.23581746220588684,
            0.3030892014503479,
            0.231516033411026
        ]
    ],
    "stack_block": [
        [
            -0.32227587699890137,
            -0.272871196269989,
            -0.20598962903022766
        ],
        [
            0.15886837244033813,
            0.32440510392189026,
            0.21435976028442383
        ]
    ]
}